id,country,description,designation,points,price,province,region_1,region_2,variety,winery
10,Italy,"Elegance, complexity and structure come together in this drop-dead gorgeous winethat ranks among Italy's greatest whites. It opens with sublime yellow spring flower, aromatic herb and orchard fruit scents. The creamy, delicious palate seamlessly combines juicy white peach, ripe pear and citrus flavors while white almond and savory mineral notes grace the lingering finish.",Ronco della Chiesa,95,80.0,Northeastern Italy,Collio,,Friulano,Borgo del Tiglio
11,US,"From 18-year-old vines, this supple well-balanced effort blends flavors of mocha, cherry, vanilla and breakfast tea. Superbly integrated and delicious even at this early stage, this wine seems destined for a long and savory cellar life. Drink now through 2028.",Estate Vineyard Wadensvil Block,95,48.0,Oregon,Ribbon Ridge,Willamette Valley,Pinot Noir,Patricia Green Cellars
12,US,"A standout even in this terrific lineup of 2015 releases from Patricia Green, the Weber opens with a burst of cola and tobacco scents and accents. It continues, subtle and detailed, with flavors of oranges, vanilla, tea and milk chocolate discreetly threaded through ripe blackberry fruit.",Weber Vineyard,95,48.0,Oregon,Dundee Hills,Willamette Valley,Pinot Noir,Patricia Green Cellars
13,France,This wine is in peak condition. The tannins and the secondary flavors dominate this ripe leather-textured wine. The fruit is all there as well: dried berries and hints of black-plum skins. It is a major wine right at the point of drinking with both the mature flavors and the fruit in the right balance.,Château Montus Prestige,95,90.0,Southwest France,Madiran,,Tannat,Vignobles Brumont
14,US,"With its sophisticated mix of mineral, acid and tart fruits, this seductive effort pleases from start to finish. Supple and dense, it's got strawberry, blueberry, plum and black cherry, a touch of chocolate, and that underlying streak of mineral. All these elements are in good proportion and finish with an appealing silky texture. It's delicious already, but give it another decade for full enjoyment. Drink now through 2028.",Grace Vineyard,95,185.0,Oregon,Dundee Hills,Willamette Valley,Pinot Noir,Domaine Serene
15,US,"First made in 2006, this succulent luscious Chardonnay is all about minerality. It's got a rich core of butterscotch and the seemingly endless layers of subtle flavors that biodynamic farming can bring. It spends 18 months on the lees prior to bottling. Drink now through 2028.",Sigrid,95,90.0,Oregon,Willamette Valley,Willamette Valley,Chardonnay,Bergström
16,US,"This blockbuster, powerhouse of a wine suggests blueberry pie and chocolate as it opens in the glass. On the palate, it's smooth and seductively silky, offering complex cedar, peppercorn and peppery oak seasonings amidst its dense richness. It finishes with finesse and spice.",Rainin Vineyard,95,325.0,California,Diamond Mountain District,Napa,Cabernet Sauvignon,Hall
17,Spain,"Nicely oaked blackberry, licorice, vanilla and charred aromas are smooth and sultry. This is an outstanding wine from an excellent year. Forward barrel-spice and mocha flavors adorn core blackberry and raspberry fruit, while this runs long and tastes vaguely chocolaty on the velvety finish. Enjoy this top-notch Tempranillo through 2030.",6 Años Reserva Premium,95,80.0,Northern Spain,Ribera del Duero,,Tempranillo,Valduero
18,France,"Coming from a seven-acre vineyard named after the dovecote on the property, this is a magnificent wine. Powered by both fruit tannins and the 28 months of new wood aging, it is darkly rich and with great concentration. As a sign of its pedigree, there is also elegance here, a restraint which is new to this wine. That makes it a wine for long-term aging. Drink from 2022.",Le Pigeonnier,95,290.0,Southwest France,Cahors,,Malbec,Château Lagrézette
19,US,"This fresh and lively medium-bodied wine is beautifully crafted, with cherry blossom aromas and tangy acidity. Layered and seductive, it offers a crisp mix of orange peel, cherry, pomegranate and baking spice flavors that are ready for the table or the cellar.",Gap's Crown Vineyard,95,75.0,California,Sonoma Coast,Sonoma,Pinot Noir,Gary Farrell
20,US,"Heitz has made this stellar rosé from the rare Grignolino grape since 1961. Ruby grapefruit-red, it's sultry with strawberry, watermelon, orange zest and salty spice flavor, highlighted with vibrant floral aromas.",Grignolino,95,24.0,California,Napa Valley,Napa,Rosé,Heitz
0,US,"This tremendous 100% varietal wine hails from Oakville and was aged over three years in oak. Juicy red-cherry fruit and a compelling hint of caramel greet the palate, framed by elegant, fine tannins and a subtle minty tone in the background. Balanced and rewarding from start to finish, it has years ahead of it to develop further nuance. Enjoy 2022–2030.",Martha's Vineyard,96,235.0,California,Napa Valley,Napa,Cabernet Sauvignon,Heitz
1,Spain,"Ripe aromas of fig, blackberry and cassis are softened and sweetened by a slathering of oaky chocolate and vanilla. This is full, layered, intense and cushioned on the palate, with rich flavors of chocolaty black fruits and baking spices. A toasty, everlasting finish is heady but ideally balanced. Drink through 2023.",Carodorum Selección Especial Reserva,96,110.0,Northern Spain,Toro,,Tinta de Toro,Bodega Carmen Rodríguez
2,US,"Mac Watson honors the memory of a wine once made by his mother in this tremendously delicious, balanced and complex botrytised white. Dark gold in color, it layers toasted hazelnut, pear compote and orange peel flavors, reveling in the succulence of its 122 g/L of residual sugar.",Special Selected Late Harvest,96,90.0,California,Knights Valley,Sonoma,Sauvignon Blanc,Macauley
3,US,"This spent 20 months in 30% new French oak, and incorporates fruit from Ponzi's Aurora, Abetina and Madrona vineyards, among others. Aromatic, dense and toasty, it deftly blends aromas and flavors of toast, cigar box, blackberry, black cherry, coffee and graphite. Tannins are polished to a fine sheen, and frame a finish loaded with dark chocolate and espresso. Drink now through 2032.",Reserve,96,65.0,Oregon,Willamette Valley,Willamette Valley,Pinot Noir,Ponzi
4,France,"This is the top wine from La Bégude, named after the highest point in the vineyard at 1200 feet. It has structure, density and considerable acidity that is still calming down. With 18 months in wood, the wine has developing an extra richness and concentration. Produced by the Tari family, formerly of Château Giscours in Margaux, it is a wine made for aging. Drink from 2020.",La Brûlade,95,66.0,Provence,Bandol,,Provence red blend,Domaine de la Bégude
5,Spain,"Deep, dense and pure from the opening bell, this Toro is a winner. Aromas of dark ripe black fruits are cool and moderately oaked. This feels massive on the palate but sensationally balanced. Flavors of blackberry, coffee, mocha and toasty oak finish spicy, smooth and heady. Drink this exemplary Toro through 2023.",Numanthia,95,73.0,Northern Spain,Toro,,Tinta de Toro,Numanthia
6,Spain,"Slightly gritty black-fruit aromas include a sweet note of pastry along with a hint of prune. Wall-to-wall saturation ensures that all corners of one's mouth are covered. Flavors of blackberry, mocha and chocolate are highly impressive and expressive, while this settles nicely on a long finish. Drink now through 2024.",San Román,95,65.0,Northern Spain,Toro,,Tinta de Toro,Maurodos
7,Spain,"Lush cedary black-fruit aromas are luxe and offer notes of marzipan and vanilla. This bruiser is massive and tannic on the palate, but still lush and friendly. Chocolate is a key flavor, while baked berry and cassis flavors are hardly wallflowers. On the finish, this is tannic and deep as a sea trench. Drink this saturated black-colored Toro through 2023.",Carodorum Único Crianza,95,110.0,Northern Spain,Toro,,Tinta de Toro,Bodega Carmen Rodríguez
8,US,"This re-named vineyard was formerly bottled as deLancellotti. You'll find striking minerality underscoring chunky black fruits. Accents of citrus and graphite comingle, with exceptional midpalate concentration. This is a wine to cellar, though it is already quite enjoyable. Drink now through 2030.",Silice,95,65.0,Oregon,Chehalem Mountains,Willamette Valley,Pinot Noir,Bergström
9,US,"The producer sources from two blocks of the vineyard for this wine—one at a high elevation, which contributes bright acidity. Crunchy cranberry, pomegranate and orange peel flavors surround silky, succulent layers of texture that present as fleshy fruit. That delicately lush flavor has considerable length.",Gap's Crown Vineyard,95,60.0,California,Sonoma Coast,Sonoma,Pinot Noir,Blue Farm
21,Spain,"Alluring, complex and powerful aromas of grilled meat, berries, tea, smoke, vanilla and spice cover every base. An intense palate is concentrated but still elegant. Blackberry, molasses and mocha flavors finish with chocolaty oak notes, fine tannins and overall cohesion. Drink this special Rioja from 2020 through 2035.",Prado Enea Gran Reserva,95,79.0,Northern Spain,Rioja,,Tempranillo Blend,Muga
22,Spain,"Tarry blackberry and cheesy oak aromas are appropriate for a wine of this size and magnitude. In the mouth, this Tinta de Toro is expansive and grabby, with bullish tannins. Slightly salty earthy accents come with core blackberry flavors and notes of baking spices and chocolate, while on the finish this is long, chocolaty, delicious and not too hard or tannic. Drink through 2023.",Termanthia,95,220.0,Northern Spain,Toro,,Tinta de Toro,Numanthia
23,US,"The apogee of this ambitious winery's white wine efforts, this bottling of just two barrels of Clone 5 shows focused marzipan, marcona almond and white peach notes on the nose. The palate sizzles with saltiness and a lemony acidity that cuts through its brown butter richness with finesse. The finish is luxurious and long.",Giallo Solare,95,60.0,California,Edna Valley,Central Coast,Chardonnay,Center of Effort
24,US,"San Jose-based producer Adam Comartin heads 1,100 feet up into the mountains to source fruit for this tremendous wine, which offers wild cherry, sage, and eucalyptus scents on the nose. Ripe black plum and strawberry fruit lead the palate, followed by acid-driven waves of juniper, pine and bay leaf, finishing with a menthol-like sensation.",R-Bar-R Ranch,95,45.0,California,Santa Cruz Mountains,Central Coast,Pinot Noir,Comartin
25,New Zealand,"Yields were down in 2015, but intensity is up, giving this medium-bodied, silky wine the potential to drink well through at least 2025. Hickory smoke outlines white peach before ending in a long flurry of lime zest.",Maté's Vineyard,94,57.0,Kumeu,,,Chardonnay,Kumeu River
26,US,"Bergström has made a Shea designate since 2003, intent on showcasing a “pretty” style of the vineyard. Here are lovely aromatics, with grape jelly, rose petals and plum in the nose, and a complex run of red fruits in the mouth. Streaks of cola, brown sugar and more come up in a generous finish.",Shea Vineyard,94,62.0,Oregon,Willamette Valley,,Pinot Noir,Bergström
27,US,"Focused and dense, this intense wine captures the essence of ripe raspberries. Aged in 50% new French oak, it's got a strong vein of coffee and mocha. The flavors broaden out and penetrate, finishing with highlights of cedar, cinnamon and dark chocolate. Drink now through the 2020s, but decant if you want the full expression.",Abetina,94,105.0,Oregon,Willamette Valley,Willamette Valley,Pinot Noir,Ponzi
28,US,"Cranberry, baked rhubarb, anise and crushed slate aromas show on the nose of this always-excellent bottling from the Franscioni family. The palate abounds with energy, driving black raspberry fruit accented with earthy loam, fennel, oregano and juniper through a compellingly round midpalate.",Garys' Vineyard,94,60.0,California,Santa Lucia Highlands,Central Coast,Pinot Noir,Roar
29,US,"This standout Rocks District wine brings earth shaking aromas of black-olive brine, tapenade, green olive, stargazer lilies, orange peel and crushed gravel. The smoked meat, charcuterie and blue-fruit flavors don't hold back, bringing a lovely sense of texture and detail. It's an intense wine that completely demands your attention.",The Funk Estate,94,60.0,Washington,Walla Walla Valley (WA),Columbia Valley,Syrah,Saviah
30,Bulgaria,"This Bulgarian Mavrud presents the nose with suggestions of dried cherry, black plum, freshly ground black pepper and a whiff of eucalyptus. In the mouth it is balanced with soft tannins mingling with dried cherry, cassis and black plum.",Bergulé,90,15.0,Bulgaria,,,Mavrud,Villa Melnik
31,US,"Steely and perfumed, this wine sees only 20% new French oak, remaining vibrantly fresh. Baked apple and lemon pith veer into grapefruit on the palate, with spiciness to the finish that's both brash and loud.",Babushka,90,37.0,California,Russian River Valley,Sonoma,Chardonnay,Zepaltas
32,Italy,"Underbrush, scorched earth, menthol and plum steeped in spirits are some of the aromas that unfold on the glass. The big, chewy palate doles out ripe wild cherry, raspberry jam, ground pepper and licorice alongside firm, velvety tannins. You'll also detect the warmth of alcohol on the finish.",Vigna Piaggia,90,,Tuscany,Brunello di Montalcino,,Sangiovese,Abbadia Ardenga
33,France,"Pale in color, this is nutty in character, with a warm and rounded hint of red fruits. The wine has a soft, while still fresh, aftertaste. It is aged in cellars in Saumur on the Loire river.",Nonpareil Trésor Rosé Brut,90,22.0,France Other,Vin Mousseux,,Sparkling Blend,Bouvet-Ladubay
34,US,"The aromas entice with notes of wet stone, honeysuckle, chamomile and stone fruit. The palate is generous in flavor and feel, showing a fine sense of balance.",Conner Lee Vineyard,90,42.0,Washington,Columbia Valley (WA),Columbia Valley,Chardonnay,Buty
35,Italy,"Forest floor, tilled soil, mature berry and a whiff of new leather combine on this. The ripe palate offers fleshy black cherry, dried aromatic herb and tobacco, while fine-grained tannins give the finish some grip. Drink 2018–2023.",Riserva,90,135.0,Tuscany,Brunello di Montalcino,,Sangiovese,Carillon
36,France,"Gingery spice notes accent fresh pear and melon fruit in this medium- to full-bodied wine. It's round on the palate but not flabby, with a warm, spicy finish. Drink now.",,90,60.0,Rhône Valley,Châteauneuf-du-Pape,,Rhône-style White Blend,Clos de L'Oratoire des Papes
37,Italy,"Aromas of forest floor, violet, red berry and a whiff of dark baking spice unfold in the glass while wild cherry, black raspberry, ground pepper and star anise drive the palate. Framed in firm, fine-grained tannins, this is a classic Tuscan red. Drink through 2020.",,90,29.0,Tuscany,Vino Nobile di Montepulciano,,Sangiovese,Avignonesi
38,Italy,"This has a charming nose that boasts rose, violet and red berry while the juicy, easy-drinking palate offers ripe wild cherry, chopped mint, white pepper and a hint of star anise. There isn't much complexity but it is savory and balanced, with fresh acidity and supple tannins.",,90,23.0,Tuscany,Chianti Classico,,Sangiovese,Casina di Cornia
39,Italy,"This bright, savory wine delivers aromas and flavors of juicy wild cherry, black raspberry, violet, white pepper and mocha. Polished tannins provide the framework. Enjoy through 2020.",Riserva,90,29.0,Tuscany,Chianti Classico,,Red Blend,Castello di Monterinaldi
40,Spain,"Earthy plum and cherry aromas score points for being clear and direct. The palate on this varietal Mencía is round, smooth and just right. Lightly briny, earthy plum and cherry flavors hold steady on the finish, with a dash of saltiness.",Amandi,90,17.0,Galicia,Ribeira Sacra,,Mencía,Don Bernardino
41,Spain,"This comes across wide and expansive as it lazily exudes oily aromas of hazelnut and toffee. A plump palate is not overly cutting or demanding, while flavors of lightly salted nuts and buttered toast end with toffee and peanut flavors.",Alfonso Oloroso Seco,90,26.0,Andalucia,Jerez,,Palomino,González Byass
42,US,"This is an aromatic brooder with aromas of scorched earth, plum, dried flowers and green herbs. It's full in feel with dense, dark-fruit flavors, tightly coiled tannins and tart acids—a pleasing example of the variety.",Private Reserve,90,55.0,Idaho,,,Petite Sirah,Huston
43,Italy,"Aromas of dark-skinned berry, rose and wild herb lead the nose. The round, juicy palate doles out ripe black cherry, fleshy raspberry, white pepper and clove while polished tannins provide a smooth, velvety framework. Enjoy through 2019.",Riserva,90,39.0,Tuscany,Chianti Classico,,Red Blend,Rignana
44,France,"Dark in color and in flavor profile, this medium-bodied Cornas boasts aromas and flavors reminiscent of chocolate fudge, espresso and plummy fruit, all framed by soft, dusty tannins. Drink now–2025.",Coteaux,90,69.0,Rhône Valley,Cornas,,Syrah,Tardieu-Laurent
45,Italy,"A blend of 90% Sangiovese and 10% Canaiolo, this opens with aromas of violet, mature plum, espresso and a whiff of forest floor. The firm palate offers dried black cherry, ground pepper, toast and clove while packed, fine-grained tannins provide support. Drink through 2020.",Vigneto Odoardo Beccari Riserva,90,30.0,Tuscany,Chianti Classico,,Red Blend,Vignavecchia
46,Italy,"Sunbaked earth, ripe berry, baking spice and a whiff of menthol meld in the glass. The juicy palate offers red cherry, pomegranate, star anise, mocha and a hint of tobacco alongside fine-grained tannins.",Poggio alle Mura,90,90.0,Tuscany,Brunello di Montalcino,,Sangiovese,Banfi
47,US,"Blended with 9% Malbec, 9% Cabernet Franc and 5% Petit Verdot, this is a perennial classic for the winery, the sister brand of Cuvaison. Juicy in cherry and cassis, it sustains big, pillowy tannins and tar, suggesting more time for the fruit to match up with the structure. Drink through 2020.",Estate Grown,90,60.0,California,Mount Veeder,Napa,Cabernet Sauvignon,Brandlin
48,Italy,"Ripe dark-skinned berry, forest floor and cooking spice aromas lead the nose along with a whiff of new leather. The chewy palate offers fleshy black cherry, cinnamon, vanilla and a hint of tobacco while polished tannins provide the framework. This is already accessible so no need to cellar it for years. Best through 2021.",,90,50.0,Tuscany,Brunello di Montalcino,,Sangiovese,Brunelli Martoccia
49,US,"The aromas of blue fruit, herbs and spice are initially under tight restraint. The flavors are full, with the tannins simultaneously firm and fine grained. It shows good length.",,90,40.0,Washington,Red Mountain,Columbia Valley,Cabernet Sauvignon,Canvasback
50,Italy,"This robust red opens with aromas of espresso, plum cake, toast and dark spice. The hearty palate offers blackberry jam, licorice, vanilla and mocha alongside firm fine-grained tannins. A coffee note closes the finish.",Riserva,90,100.0,Tuscany,Brunello di Montalcino,,Sangiovese,Capanne Ricci
51,France,"This structured, complex Chardonnay is packed with minerality and considerable weight. The tight texture and almost tannic character will soften over the next few months. Full of potential, it's drinkable now but will be so much better from 2017.",,90,68.0,Burgundy,Chassagne-Montrachet,,Chardonnay,Chartron et Trébuchet
52,France,"This ripe, full-bodied wine has ripe green fruits that are lifted by lime and made richer by apricot. Still young, with a concentrated structure, it's going to develop into a full, beautifully fruity wine. The name of the wine means the size of a parcel that demands the work of seven men for a day. Drink from 2017.",Les 7 Hommes,90,42.0,Loire Valley,Sancerre,,Sauvignon Blanc,Cherrier Frères
53,France,"With its light color and cool feel, this well-balanced wine comes from a parcel of 30-year-old vines. The smoky tannins and intense acidity give a wine that will develop well and slowly. It's still young with its red-berry fruits and fresh aftertaste. Drink from 2018.",L'Inédit,90,28.0,Loire Valley,Coteaux du Giennois,,Pinot Noir,Clement et Florian Berthier
54,US,"There's a lot to like in this nicely priced white, a blend of several regional vineyards. A taste of hazelnut expands on the palate to meet creamy Tahitian vanilla. Approachably round, this crowd-pleasing wine finishes in measured, integrated oak.",,90,18.0,California,Russian River Valley,Sonoma,Chardonnay,De Loach
55,US,"A blend of Cabernet from Grand Ciel (31%), Ciel du Cheval (30%), Upchurch (28%) and Klipsun (11%) vineyards, wood spice aromas start out up front. The cherry flavors are light and elegant, with the tannins bringing some grip.",Four Flags,90,69.0,Washington,Red Mountain,Columbia Valley,Cabernet Sauvignon,DeLille
56,France,"Delicious while also young and textured, this wine comes from biodynamically grown grapes. It has a strong sense of minerality as well as intense citrus and green fruits. It's tight at the moment and needs to round out, so drink from 2018.",Le Pavé,90,,Loire Valley,Sancerre,,Sauvignon Blanc,Domaine Vacheron
57,US,"While exuberantly fruity, almost tropical on the nose, there's a crystalline edge to this dry Riesling that renders it especially refreshing. It's vibrant and light footed, brightened by a lingering honey note on the finish.",Reserve,90,25.0,New York,Finger Lakes,Finger Lakes,Riesling,Dr. Konstantin Frank
58,US,"Cabernet makes up just over half of this blend. Aromas of black cherries, herbs and minerals are followed by plush-feeling dark-fruit flavors and backed by firm tannins. Drink now.",Final Final,90,30.0,Washington,Columbia Valley (WA),Columbia Valley,Cabernet Sauvignon-Syrah,Efeste
59,Italy,"This savory blend of 40% Merlot, 30% Cabernet Sauvignon, 25% Cabernet Franc and 5% Syrah opens with aromas of roasted coffee bean, leather, tobacco and dark woodland berry. The chewy palate offers juicy plum, cassis and clove alongside polished tannins. Drink through 2019.",Poggio Bestiale,90,60.0,Tuscany,Maremma Toscana,,Red Blend,Fattoria di Magliano
60,Argentina,"Concentrated, ripe blackberry and cassis aromas come with peppery spice and cedary oak notes. This is big and generous on the palate, with roasted, well-oaked blackberry flavors. A touch of heat lends sizzle to the finish. Drink through 2020.",The Apple Doesn't Fall Far From The Tree,91,30.0,Mendoza Province,Mendoza,,Malbec,Matias Riccitelli
61,Australia,"Moorooduc's estate Pinot Noir is a solid value among the boutique offerings from the Mornington Peninsula. There's a supple cushioning of flesh wrapped around a firm backbone of acid, while the flavors run from black cherry and mint through earthier notes of brown sugar and roasted parsnip. Drink now through 2020.",,91,36.0,Victoria,Mornington Peninsula,,Pinot Noir,Moorooduc
62,Argentina,"Smoky aromas of fresh-cut wood blend with berry and cassis form a welcoming, generous bouquet. This feels lively on the palate, albeit tartaric. Oaky plum, cassis and vanilla flavors finish full and agreeable. Drink through 2019.",Alegoría Gran Reserva,91,25.0,Mendoza Province,Mendoza,,Malbec,Navarro Correas
63,France,"L'Homme Mort is a northern extension of the Fourchaume Premier Cru vineyard, so called because this was where a local lord dispensed justice by death. It often produces cooler wines such as this. It is tight, with toasted bread hints and with a strongly tangy character. It does need to develop and shouldn't be drunk before 2018.",L'Homme Mort Premier Cru,91,45.0,Burgundy,Chablis,,Chardonnay,Domaine Chenevières
64,Portugal,"This is a super-ripe, still very young wine. It's showing all its concentrated fruits, wood aging flavors and dense texture as well as the firm tannins that will allow it to age. With its combination of black plum skin, blackberry and dark concentration, leave the wine until 2018.",,91,23.0,Alentejano,,,Portuguese Red,Herdade do Rocim
65,US,"Fresh boysenberries and a blueberry sorbet character mix with notes of minty tarragon, dill and hot gravel on the nose of this wine, from an area between Gilroy and Morgan Hill. Peppercorns are prominent on the relatively light palate, along with tobacco, espresso and boysenberry.",Estate Select,91,36.0,California,Santa Clara Valley,Central Coast,Syrah,Jason-Stephens
66,France,"The steely character of a young Chablis is very apparent in this wine. It is crisp, lemon flavored and with a mineral edge. The wine has a juicy freshness, still young at heart and needing to age. Drink from 2018.",Fourchaume Premier Cru,91,38.0,Burgundy,Chablis,,Chardonnay,Louis Max
67,US,"From the producer's monumental Atlas Peak vineyard, this is a tightly wound, solidly constructed mountain Cab, blended with a handful of Petit Verdot. Tobacco, black tea and a sliver of coconut intermingle around a medium-bodied whole that will benefit from cellaring, through 2021.",Animo,91,85.0,California,Napa Valley,Napa,Cabernet Sauvignon,Michael Mondavi Family Estate
68,US,"Big, bold, dark and chewy, this builds upon substantial black-cherry fruit and supporting acids. Still knitting together, it shows highlights of cedar and tobacco, along with thick tannins. Give this a couple more years of bottle age, and drink after 2018.",Schindler Vineyard,91,50.0,Oregon,Eola-Amity Hills,Willamette Valley,Pinot Noir,Panther Creek
69,US,"A juiciness of cherry and vanilla spark the opening of this wine, a celebration of the vintage, appellation and in this case, fruit-forwardness of the variety. With a backbone of oak and cedar, it has smooth tannins and medium weight, finishing in mocha chocolate. Drink now through 2022.",Barrel Select,91,60.0,California,Rutherford,Napa,Cabernet Sauvignon,Provenance Vineyards
70,US,"Sweetened tannins highlight a depth of chocolate and blackberry in this 100% varietal wine made in small amounts. Soft and juicy, it crafts a balance of richness and density around elegant spicy clove and cinnamon.",District Collection,91,85.0,California,St. Helena,Napa,Cabernet Sauvignon,Raymond
71,US,"This wine draws from a handful of tremendous vineyard sites, including the producer's estate, Platt and Clary Ranch, all cool-climate and windswept. It's a tight, light and minimally messed-with wine, bright in cherry, pomegranate and rose.",,91,45.0,California,Sonoma Coast,Sonoma,Pinot Noir,Red Car
72,Italy,"This offers aromas of red rose, wild berry, dark cooking spice and a whiff of sun baked earth. The ripe palate offers black cherry marinated in spirits, licorice, game and a hint of chocolate alongside velvety tannins. The warmth of alcohol closes the finish. Drink 2018–2029.",Bussia Riserva,91,,Piedmont,Barolo,,Nebbiolo,Silvano Bolmida
73,US,"Massively fruity, this is an apple/pear bonanza, fleshy and almost lasciviously delicious. The huge fruit flavors convey an impression of sweetness, though this is not identified as off dry. It has tremendous density and length.",,91,19.0,Oregon,Willamette Valley,Willamette Valley,Pinot Gris,Trinity Vineyards
74,Portugal,"It is the ripe dark Alicante Bouschet that dominates this firmly structured wine. It is packed with tannins along with a hugely dense texture and concentrated juicy berry flavors. It is very firm, still young. Wait until 2017.",Premium,91,15.0,Alentejo,,,Portuguese Red,Adega Cooperativa de Borba
75,US,"An elegant blend from different estate vineyards, this widely available cuvée brings sturdy tannins and red currant fruit, highlighted with pretty baking spices. It would be an ideal match for roast duck with an orange sauce.",Premier Cuvée,91,54.0,Oregon,Willamette Valley,Willamette Valley,Pinot Noir,Archery Summit
76,France,"This wine is bone-dry, although with some age the shock of the acidity has been rounded out by a hint of toast. It's linear, fresh and intensely crisp, with citrus and almond tones. Drink this wine from a good vintage now.",Le Nombre d'Or Brut Nature,91,85.0,Champagne,Champagne,,Chardonnay,Aubry
77,US,"Given four months in concrete egg, this is an exotically crisp and textured white, lean and high in acidity with plenty of mouthcoating body to find its balance. Lemon, grapefruit and tangerine are the highlights, finished in refreshing layers of white peach.",Juliana Vineyard,91,38.0,California,Napa Valley,Napa,Sauvignon Blanc,B Cellars
78,US,"This wine over-delivers in quality for the price. It's made from mostly Cabernet Sauvignon, with handfuls of Merlot, Malbec, Petit Verdot and Cabernet Franc blended in to good effect. The whole combines into layers of chocolate and graham cracker, dappled in vanilla and jam. Thick tannins suggest a swirl or two of the glass. The finish is all tobacco.",,91,28.0,California,Napa Valley,Napa,Cabernet Sauvignon,B Side
79,Italy,"Underbrush, smoke, mocha and dark fruit aromas lead the nose and carry over to the ripe palate along with dried black cherry, licorice and clove. Firm, velvety tannins provide the framework. Drink 2018–2028.",Boscato,91,75.0,Piedmont,Barolo,,Nebbiolo,Bel Colle
80,US,"Generous black-cherry fruit anchors this barrel-aged wine that remains tartly acidic, with pretty accents of toast and mocha. Focused, young and fresh, it should drink optimally 2018–2028.",Aeolian,91,42.0,Oregon,Eola-Amity Hills,Willamette Valley,Pinot Noir,Bethel Heights
81,Israel,"Dark red violet in color, this wine has aromas of cherry, lavender and rose petal. It is a well-balanced wine with flavors of black cherry, raspberry, Turkish delight and herbes de Provence. Silky tannins coat the palate into the lasting finish, which is punctuated by a note of bright cherry.",Reserve,91,25.0,Upper Galilee,,,Cabernet Sauvignon,Binyamina
82,Italy,"Berry, baking spice, dried iris, mint and a hint of vanilla come together on this structured wine. On the palate, notes of white pepper, sage, anise, orange zest and yellow peach accent the red cherry core while a balsamic note closes the finish. Firm, refined tannins provide the backbone.",Palliano Riserva,91,,Piedmont,Roero,,Nebbiolo,Ceste
83,Italy,"This hearty red opens with aromas of leafy underbrush, leather, licorice and a hint of menthol. The firm, chewy palate offers ripe wild cherry, raspberry jam, anisette and tobacco. Brooding tannins support the dark flavors. Drink 2019–2029.",del Comune di Serralunga d'Alba,91,59.0,Piedmont,Barolo,,Nebbiolo,Cascina Cucco
84,Italy,"Enticing aromas of woodland berry, crushed rose, mint and menthol lead the nose on thisfull-bodied red. Mint carries over to the palate along with wild cherry, red raspberry, kitchen spice and a hint of toast. Assertive tannins and bright acidity hold it all together.",Bricco Luciani,91,85.0,Piedmont,Barolo,,Nebbiolo,Cascina del Monastero
85,Italy,"Aromas of French oak, coconut, vanilla and spiced plum lead the nose on this powerfully structured wine. The oak sensations carry over to the warm palate along with cherry marinated in spirits, licorice and menthol. Bracing, close-grained tannins provide the framework and need time to unwind. Best after 2020.",Bricco Gattera,91,80.0,Piedmont,Barolo,,Nebbiolo,Cordero di Montezemolo
86,France,"This delicious, refreshing wine is textured, tight and mineral, with fruity acidity. Tangy and crisp, it has a tight structure, touches of toast along with apple and citrus flavors. The wine is still young and very tight, so should not be drunk before 2017.",Montmains Premier Cru,91,45.0,Burgundy,Chablis,,Chardonnay,Domaine Gérard Duplessis
87,US,"From a multiplicity of vineyards, this wine works and is a tremendous value for the price. It mixes hot mulled-cider spices, cinnamon, clove and pine forest, conveying surprising depth. Plum, dark cherry and more clove lead to a powerful, leathery finish.",,91,22.0,California,Napa Valley,Napa,Cabernet Sauvignon,Eagle Glen
88,US,"The first Pinot Noir release from this producer, this is a velvety-smooth, exotic and charming wine, light on the palate despite a concentration of ripe, rich fruit. Kirsch, cherry, raspberry and cinnamon combine to make the wine invitingly lush and plush.",Bacigalupi Vineyard,91,65.0,California,Russian River Valley,Sonoma,Pinot Noir,Eleven Eleven
89,US,"A red Meritage driven by 73% Cabernet Sauvignon, this structured, full-bodied wine also blends in 19% Merlot, 3% Petit Verdot and 3% Malbec. Blackberry and chocolate accent chalky tannins, with bold hits of black licorice, cassis, pencil and black tea. Drink now through 2020.",Magnificat,91,50.0,California,Napa Valley,Napa,Meritage,Franciscan
90,US,"Bright, light oak shadings dress up this medium-bodied wine, complementing the red cherry and strawberry flavors. It's fresh, fruity and not very tannic—easy to drink and enjoy.",,86,10.0,California,California,California Other,Cabernet Sauvignon,Belle Ambiance
91,Portugal,"The local Baga grape, better known for producing structured red wines, also lends itself to fruity sparkling rosé. Bright acidity gives this crisp wine its tangy, red currant character. Drink now.",Marquês de Marialva Rosé Bruto,86,12.0,Beira Atlantico,,,Baga,Adega de Cantanhede
92,Italy,"Aromas of white spring flower, orchard fruit and citrus spill out of the glass. The fun lively palate delivers ripe yellow peach and green apple alongside a foaming mousse.",Nature,86,22.0,Veneto,Prosecco,,Glera,De Stefani
93,US,"A smoky scent and earthy, crisp-apple flavors make this medium-bodied wine a change of pace from the average butterball Chardonnay. It has welcome acidity and a nicely smooth texture.",Small Lot Blend,86,13.0,California,Mendocino County,Mendocino/Lake Counties,Chardonnay,Parducci
94,Portugal,"This family-owned estate has produced an immediately attractive entry-level wine. Lightly spiced with wood, it blends Touriga Franca, Tinta Roriz and Tinta Barroca to show black fruit, ripe tannins and bright acidity. Drink now.",Muros de Vinha,86,10.0,Douro,,,Portuguese Red,Quinta do Portal
95,France,"This is a smooth, soft wine that is full of black fruits and ripe tannins. The Merlot rounds out the rougher edges of the Malbec to give a rich juicy wine that will develop quickly. It is all fruit, generous and ready to drink from 2017.",Château Beauvillain-Monpezat,86,14.0,Southwest France,Cahors,,Malbec-Merlot,Rigal
96,US,"This is an easygoing wine that's neither too oaky nor too crisp, with a decent blend of ripe pear and baking spice flavors paired with soft, smooth texture.",,86,18.0,California,California,California Other,Chardonnay,The Naked Grape
97,US,"Blended with small amounts of Merlot, Cabernet Franc, Petit Verdot and Malbec, this is an austere, unfussy red made in modest quantities that has crisp red currant and cranberry flavors interwoven with cedar and dried herb.",,86,36.0,California,Sonoma Valley,Sonoma,Cabernet Sauvignon,Tin Barn
98,France,"Closer to Bordeaux than is Cahors, this is Malbec with a cooler visage. It has spice and stalky tannins along with plenty of acidity. The wine is bright with red berry fruits and a crisp lightly mineral aftertaste. Drink from 2018.",Pigmentum,86,15.0,Southwest France,Buzet,,Merlot-Malbec,Georges Vigouroux
99,France,"This is a blend of 60% Ugni Blanc and 40% Colombard that gives a deliciously light and refreshing wine. Bright and breezy, it is perfumed, herbal and full of direct citrus flavors. Drink now.",Pigmentum,86,10.0,Southwest France,Côtes de Gascogne,,Ugni Blanc-Colombard,Georges Vigouroux
100,US,"Juicy kiwi, lime blossom and sour apple candy aromas show on the nose of this ripe white—the first 2016 submitted from the region. The palate is oily in texture, with honeydew and more lime-kiwi-bubblegum flavors.",,86,24.0,California,South Coast,South Coast,Viognier,Hawk Watch Winery
101,US,"Brambly and herbal, this wine shows bright acidity underlying a full-bodied, incoherently ripe palate of tar, toffee and rich cola notes.",Stephanie,86,50.0,California,Napa Valley,Napa,Cabernet Sauvignon,Hestan
102,Italy,"The nose is a bit shy but eventually reveals underbrush, red berry and a toasted note. The straightforward palate is quite lean, offering raw sour cherry, a green note of powdered sage and a hint of ground pepper alongside raspy tannins that leave an astringent finish.",,86,45.0,Tuscany,Brunello di Montalcino,,Sangiovese,Il Grappolo
103,US,"This Cabernet Sauvignon-dominant blend boasts leather, tobacco leaf and black pepper flavors, giving it muscle and a rustic edge, the tannins and fruit mellowed with age.",Bella's Blend,86,48.0,California,Knights Valley,Sonoma,Cabernet Sauvignon-Cabernet Franc,Ehret
104,US,"Fans of stickies may find pleasure in this bottling, but it is tremendously sweet and oily. Candied honeydew and kiwi scents meet with sweet juniper and pine on the nose. On the palate, it tastes squarely of golden honey. It's soft, unctuous and thick in consistency.",Tears of Dew Late Harvest,86,20.0,California,Paso Robles,Central Coast,Moscato,EOS
105,US,"Aromas of ripe (leaning almost overripe) apple, melon and orange peel are followed by medium-sweet fruit flavors. It needs more acid to stand it up.",Tudor Hills Vineyard,86,17.0,Washington,Yakima Valley,Columbia Valley,Pinot Grigio,Martinez & Martinez
106,US,"Strong wood smoke and grilled meat aromas lead to equally assertive oak and dried herb flavors, giving this wine extreme personality. It has medium body and rather soft tannins and texture to balance.",,86,12.0,California,Lodi,Central Valley,Cabernet Franc,Ironstone
107,US,"This medium-bodied wine has more earthy and floral flavors than straightforward fruit, so it's something a bit different. Well-priced and easy to drink, it can please a crowd.",,86,10.0,California,California,California Other,Chardonnay,Leaping Horse
108,US,"This wine is dry and substantial, emphasizing earthy, savory flavors over fruity ones. An attractive walnut and almond element carries through from the aroma to the flavors.",,86,13.0,California,California,California Other,White Blend,Kitchen Sink
109,US,"This is from a hillside estate vineyard and is entirely barrel fermented, its oak subtle and supportive. Medium bodied and not overripe, it offers honeysuckle aromas and lime and lemon rind flavors.",Homestead Block,86,45.0,California,Napa Valley,Napa,Chardonnay,Kuleto Estate
110,Portugal,"This state-owned estate of forests and vineyards grows organic grapes. This wine, softly structured and ripe has light black fruits and plenty of acidity. An undercurrent of tannin keeps the wine in order and will allow it to age. Drink from 2018.",Companhia das Lezírias Herdade de Catapereiro Single Vineyard,86,12.0,Tejo,,,Portuguese Red,Wines & Winemakers
111,Argentina,"This copper-tinted rosé of Pinot Noir smells like a rubber gym ball and citrus fruits. A full round bouncy palate brings it around, while dry citrus and stone-fruit flavors show a skins-like quality on a steady finish.",Terroir Único Pinot Noir,86,12.0,Mendoza Province,Tupungato,,Rosé,Zorzal
112,US,"This mountain-grown wine is hugely tannic and oaky, hard to penetrate in its full-bodied ripeness. Smoky oak and currant flavors vie for attention against a backdrop of concentration and power.",Limited Release Cold Springs Vineyard,86,125.0,California,Howell Mountain,Napa,Cabernet Sauvignon,Charles Krug
113,US,"Savory apples and pears mingle into lemon and bramble in this slightly earthy off-dry Riesling. Sunny tangerine acidity is easy but bright, leading a delicately sweet finish.",Castle Hill Vineyard,86,25.0,New York,Hudson River Region,New York Other,Riesling,Millbrook
114,South Africa,"Muted aromas of tart gooseberry and lime peel dance in the bouquet, while pithy flavors of plum skin, currant and citrus rind unfold on the lightweight, slightly astringent palate. Pleasant hints of fresh herbs and saline make a fleeting impression on the close.",Circumstance,86,20.0,Stellenbosch,,,Sauvignon Blanc,Waterkloof
115,Argentina,"Aromas of prune, raisin and black plum are full and gritty. A chunky full-bodied palate feels grabby, while this tastes of generic blackberry, burnt coffee and dark chocolate. A steady plump, rubbery finish closes the show.",Reserva,86,15.0,Mendoza Province,Valle de Uco,,Malbec,Viñalba
116,Spain,"Aromas of brandied cherry and crème de cassis include a horsey sidenote and some heat. This sweet Monastrell smacks the palate with hard tannins. Flavors of black cherry, cassis and baked plum finish blocky.",Dulce Tinto,86,,Levante,Jumilla,,Monastrell,Casa de la Ermita
117,France,"This pale pink-grey colored wine is a blend of Duras and Merlot. It is lively and fruity, with a red-currant flavor, delicious crisp acidity and a soft, lively aftertaste. Drink now.",,86,20.0,Southwest France,Gaillac,,Rosé,Château Clément Termes
118,France,This softly fruity wine has the lightest of tannins and plenty of simple red-berry fruits. There is an earthy edge to the young wine as well as plenty of acidity at the end. Drink now.,Il est des nôôôtres!,86,15.0,Southwest France,,,Gamay,Château Coutinel
119,Portugal,"This broad, fruity wine brings out ripe berry flavors in spades. It has generous fruit, soft tannins and a smooth, open texture. Drink now.",Convento da Vila,86,7.0,Alentejano,,,Portuguese Red,Adega Cooperativa de Borba
120,US,"Let this burly, big-boned beauty open to fully enjoy its robust oak and fistfuls of black cherry, the oak showing in terms of toasty, slightly reductive aromas. A smooth texture keeps the wine flowing along a concentrated highway of power and ripeness.",The Flyer,91,59.0,California,Russian River Valley,Sonoma,Pinot Noir,MacPhail
121,US,"This small-quantity selection from within the Charles Vineyard was fermented by native yeast, and neither fined nor filtered. It is quite aromatic, full bodied and moderately fruity, and has a nice rounded mouthfeel, generous red-cherry and spice flavors and good structure from acidity and mild tannins. Tart cherry lingers on the finish.",Charles Vineyard Clone 05,91,49.0,California,Anderson Valley,Mendocino/Lake Counties,Pinot Noir,Foursight
122,US,"A deeper salmon color with elegantly lacy bubbles and a slight cloudy appearance, this sparkler by Norm Yost offers dessicated watermelon, dried orange blossoms, yeast, citrus rinds and fresher strawberry notes on the nose. Tart raspberry and yeasty melon show on the palate, which offers a salty component as well as a surprising but nice amount of grip.",Solomon Hills Vineyard Rosé,91,42.0,California,Santa Maria Valley,Central Coast,Sparkling Blend,Goat Bubbles
123,US,"This wine takes time to unravel and reveal itself, rewarding the patient with a wealth of high-toned citrus and elegantly wound, medium-bodied honeyed pear and caramel. Lengthy and complex, it's one to consider aging and allowing to further mellow over time. Drink now through 2021.",Paris Tasting Commemorative,91,93.0,California,Napa Valley,Napa,Chardonnay,Grgich Hills
124,US,"This wine is tasty, tangy and nervy, bringing a very refreshing and appetizing mouthfeel, and wonderful fresh acidity. All of that tang shows good fruitiness too, as the red-cherry and cranberry flavors are vivid and concentrated. It's a versatile wine to drink now or buy by the case to save some bottles for more aging.",Methode a l'Ancienne,91,32.0,California,Anderson Valley,Mendocino/Lake Counties,Pinot Noir,Navarro
125,US,"This medium-bodied wine has a compelling blend of restraint and power. It offers modest, fruity aromas at first, then nice tart fruit flavors that start off lean and soon expand exponentially in the mouth before tapering off elegantly on the finish. With little oak flavor in the way, it gives pure Pinot sophistication.",,91,20.0,California,Anderson Valley,Mendocino/Lake Counties,Pinot Noir,Navarro
126,US,"Renwood's tiny two-barrel production of its most expensive Zinfandel has aromas like vanilla and coconut and flavors as rich as milk chocolate and strawberry jam. This full-bodied wine is practically a liquid dessert, though it's not overly sweet. It's full-bodied, smooth and broad in texture.",Grand Wren,90,100.0,California,Amador County,Sierra Foothills,Zinfandel,Renwood
127,US,"This is a thick, chocolatey wine with a side of leather and black pepper that appeals on multiple levels. Full-bodied concentration gives way to a smooth, rounded palate robust in blackberry and vanilla.",Central Park West Vineyard,90,50.0,California,St. Helena,Napa,Cabernet Sauvignon,Trinchero
128,Spain,"Aromas of strawberry, currant and spice are good in a subtle, non-pushy way. Fresh and grabby on the palate, this tastes of red fruits, baking spices and cocoa. Drying tannins along with cassis and chocolate flavors push a healthy finish. Drink through 2020.",Arnegui Reserva,90,22.0,Northern Spain,Rioja,,Tempranillo,Pagos del Rey
129,Italy,"Scents of Spanish broom, pineapple, orchard fruit and a saline note meld together in the glass. The focused palate offers mature apple, peach, botanical herb and mineral alongside firm acidity.",Chianta Bianco,90,45.0,Sicily & Sardinia,Etna,,White Blend,Biondi
130,Italy,"Juicy and delicious, this has aromas of ripe orchard fruit and fragrant Spanish broom. The succulent palate doles out crisp Granny Smith apple, Anjou pear, nectarine and mineral alongside bright acidity.",,90,18.0,Southern Italy,Greco di Tufo,,Greco,Cantine di Marzo
131,US,"Fairly light in the glass, this bottling shows chalk, slate and wet-sand minerality on the nose, alongside Asian pear flesh, kiwi and honeydew fruit notes. The texture is quite pithy once sipped, showing grapefruit and apple skins, and then it warms toward yellow pears and a sea salt warmth.",,90,45.0,California,Santa Lucia Highlands,Central Coast,Chardonnay,Alexander-Smith
132,US,"Meaty, smoky aromas and good, high-amplitude fruit flavors give a robust personality to this full-bodied, dry and firmly tannic wine. It will make a good pairing with pasta, roasted birds or grilled meat.",Cooper Ranch,90,26.0,California,Amador County,Sierra Foothills,Barbera,Andis
133,US,"This is a delightfully crisp, elegant and lip-smacking wine, that's subtle and easy to love. Lemon peel, apple skin and pear play together well, never becoming distracting, but instead integrating well with one another and the light hint of oak. Food friendly, it's also a great deal.",,90,16.0,California,Sonoma County,Sonoma,Chardonnay,Benziger
134,US,"While Cabernet Sauvignon dominant, all five red Bordeaux varieties are represented here. Dark in color, a combination of black pepper and black-fruit syrup meets earthy and dry tannins. This structured wine needs time. Cellar through 2020.",Longwood,90,30.0,California,Napa Valley,Napa,Cabernet Sauvignon,Beaucanon
135,US,"Quite dark in color, brooding aromas of olallieberry, blackberry, grape soda, plums and concentrated purple flowers appease the nose on this bottling from one of Paso's newly designated appellations. The palate blends licorice, turned earth and eucalyptus with a fresh pomegranate juice flavor.",Estate,90,42.0,California,Adelaida District,Central Coast,Grenache,Brecon Estate
136,US,"A nose of sour cherry and cranberry meshes with sandalwood and savory herbs on this single-site study by the longtime Paso producer. The palate is overflowing with oregano and other dried garden herbs, laid against a juicy red and purple-fruit frame.",Mustang Springs,90,38.0,California,Adelaida District,Central Coast,Zinfandel,Peachy Canyon
137,US,"Heavy fruit concentration meets thick, velvety tannins in this full-bodied, deeply colored and extremely flavorful wine. It's big enough to pair with big proteins, and concentrated enough to keep improving in the cellar. Best after 2019.",SMC,90,48.0,California,California,California Other,Rhône-style Red Blend,Three
138,Spain,"Cherry, plum, vanilla and mild oak aromas feed into a medium-bodied, elegant palate with plum and cherry flavors supported by a touch of toasty oak and vanilla. Notes of café mocha and toast grace a crisp finish that isn't trying too hard.",Crianza,90,17.0,Northern Spain,Rioja,,Tempranillo,Valdelacierva
139,France,"Attractive fruity tones of red currant, raspberry and strawberry hull dance in the bouquet of this pretty rosé, graced by garrigue accents of lavender and rosemary. Flavors of red berry skin and peach pit unfold on the medium-weight palate, framed by soft tannins and a delicate spice note that lingers on the close.",Le,90,18.0,Languedoc-Roussillon,Coteaux du Languedoc Pic Saint Loup,,Rosé,Château de Lancyre
140,France,"Lightly structured, this is a balanced, ripe wine. It has profited from the good vintage to offer strawberry, raspberry and citrus flavors that are well balanced and textured. Drink this attractive wine now.",,90,15.0,Bordeaux,Bordeaux Rosé,,Rosé,Château Suau
141,US,"A sublime twist of citrus lies at the heart of this light yet complex white, which is refreshing and layered with a subtle bite of underlying oak. From a dry-farmed vineyard maintained by the same family for 30 years, this whole-cluster pressed wine was given time in a majority of stainless steel and neutral French oak. It shines in moderate acidity and tropical flair.",Rte Blanc,90,28.0,California,Napa Valley,Napa,Sauvignon Blanc,Clif Family
142,US,"There is tons of lively action packed into the nose of this wine, from rosebuds and zesty cherry cola to cinnamon spice and rainbow peppercorns. The texture is relatively light on the sip, and yet grippy tannins and a bursting acidity swim across the palate, showing vibrant iron and red-fruit flavors.",Hook Vineyard,90,25.0,California,Santa Lucia Highlands,Central Coast,Grenache,Santa Cruz Mountain Vineyard
143,US,"Estate grown and aged in Stainless steel, this racy and pungent wine is packed with rich, juicy fruit flavors. Apple, lemon-lime and tangerine are in the mix, showing that Chardonnay does not always need oak flavors to have real power.",,90,26.0,Oregon,Applegate Valley,Southern Oregon,Chardonnay,Schmidt
144,US,"Clean, sharp and zesty fruit blossom aromas meet with ripe pomelo and green apple scents on the nose of this wine by Steve Dooley. A fresh, tingling acidity shows on the sip, which is a tad sour with stone fruit skins but bountiful in a slate-driven minerality and grippy texture. Cool climate Albariño has much promise in the state.",Jespersen Ranch,90,24.0,California,Edna Valley,Central Coast,Albariño,Stephen Ross
145,US,"Red-cherry and strawberry aromas meld with rich fruit and warm baking-spice flavors to make this full-bodied wine hard to resist. The style is in the ripe, pastry shop mode, and soft tannins and acidity complete the picture.",,90,55.0,California,Anderson Valley,Mendocino/Lake Counties,Pinot Noir,Goldeneye
146,US,"This is an exuberantly fruity, spicy and robust wine, speckled with 2% Petite Sirah. Dark and full of red berry flavor, the palate is dusted in brown sugar and black pepper. Ripe and concentrated, it drinks smooth and elegant despite its serious power.",Estate Grown,90,36.0,California,Napa Valley,Napa,Zinfandel,Grgich Hills
147,Spain,"Aromas of white flowers, stone fruits and lees are typical of well-made Albariño. A juicy, elegant palate with a mix of citrus and stone-fruit flavors is lasting, with a hint of pithy character coming up on the finish.",,90,17.0,Galicia,Rías Baixas,,Albariño,Mar de Viñas
148,US,"Quite vibrant and floral on the nose, this shows deep blackberry and both dried and fresh purple-flower elements as well as a baked berry pastry. The flavors are well integrated on the palate, where cooked blackberries in a vanilla pie crust combine with juicy strawberry, peppercorns and rosemary spice.",,90,40.0,California,Sta. Rita Hills,Central Coast,Syrah,Kessler-Haak
149,US,"This most intriguing white grape, which the Larners grow as an ode to their Italian past, shows a sweet nose with a bone dry palate. Sugary citrus scents of orange blossoms and peach syrup give way to a brisk palate full of honeysuckle, night jasmine and a nearly pine needle bitterness that cuts dynamically through it all.",,90,28.0,California,Ballard Canyon,Central Coast,Malvasia Bianca,Larner
150,US,"Reflecting the vintage, this Pinot is light and lithe in style. It shows tart cherry fruit and suggestions of chocolate, with bright acidity and a thin finish.",,89,50.0,Oregon,Willamette Valley,Willamette Valley,Pinot Noir,Bomb
64,Portugal,"This is a super-ripe, still very young wine. It's showing all its concentrated fruits, wood aging flavors and dense texture as well as the firm tannins that will allow it to age. With its combination of black plum skin, blackberry and dark concentration, leave the wine until 2018.",,91,23.0,Alentejano,,,Portuguese Red,Herdade do Rocim
74,Portugal,"It is the ripe dark Alicante Bouschet that dominates this firmly structured wine. It is packed with tannins along with a hugely dense texture and concentrated juicy berry flavors. It is very firm, still young. Wait until 2017.",Premium,91,15.0,Alentejo,,,Portuguese Red,Adega Cooperativa de Borba
91,Portugal,"The local Baga grape, better known for producing structured red wines, also lends itself to fruity sparkling rosé. Bright acidity gives this crisp wine its tangy, red currant character. Drink now.",Marquês de Marialva Rosé Bruto,86,12.0,Beira Atlantico,,,Baga,Adega de Cantanhede
94,Portugal,"This family-owned estate has produced an immediately attractive entry-level wine. Lightly spiced with wood, it blends Touriga Franca, Tinta Roriz and Tinta Barroca to show black fruit, ripe tannins and bright acidity. Drink now.",Muros de Vinha,86,10.0,Douro,,,Portuguese Red,Quinta do Portal
110,Portugal,"This state-owned estate of forests and vineyards grows organic grapes. This wine, softly structured and ripe has light black fruits and plenty of acidity. An undercurrent of tannin keeps the wine in order and will allow it to age. Drink from 2018.",Companhia das Lezírias Herdade de Catapereiro Single Vineyard,86,12.0,Tejo,,,Portuguese Red,Wines & Winemakers
119,Portugal,"This broad, fruity wine brings out ripe berry flavors in spades. It has generous fruit, soft tannins and a smooth, open texture. Drink now.",Convento da Vila,86,7.0,Alentejano,,,Portuguese Red,Adega Cooperativa de Borba
